index,kanji,reading,romaji,type,meaning
1,あ,あ,a,Expression,Ah; oh
2,ああ,ああ,aa,Adverb,ah; yes
3,アフリカ,アフリカ,afurika,"Noun, Katakana",Africa
4,上がる,あがる,agaru,"Verb, Godan verb, Intransitive verb",to rise
5,挨拶,あいさつ,aisatsu,"Noun, Suru verb",to greet
6,味,あじ,aji,Noun,flavor; taste​; uniqueness; attractiveness; experience
7,アジア,アジア,ajia,"Noun, Katakana",Asia
8,赤ちゃん,あかちゃん,akachan,Noun,baby; infant
9,赤ん坊,あかんぼう,akanbou,Noun,baby; infant
10,アクセサリー,アクセサリー,akusesarii,"Noun, Katakana",accessory
11,アメリカ,アメリカ,amerika,"Noun, Katakana",America
12,アナウンサー,アナウンサー,anaunsaa,"Noun, Katakana",announcer
13,あんな,あんな,anna,Pre-noun adjectival,such
14,案内,あんない,annai,"Noun, Suru verb",to guide
15,安心,あんしん,anshin,"Noun, Adjective, な-adjective, Suru verb",peace of mind
16,安全,あんぜん,anzen,"Noun, Adjective, な-adjective",safety; security​
17,アルバイト,アルバイト,arubaito,"Noun, Suru verb, Katakana",part-time job
18,アルコール,アルコール,arukooru,"Noun, Katakana",alcohol
19,浅い,あさい,asai,"Adjective, い-adjective",shallow
20,遊び,あそび,asobi,Noun,playing
21,集まる,あつまる,atsumaru,"Verb, Godan verb, Intransitive verb",to gather; to collect; to assemble
22,集める,あつめる,atsumeru,"Verb, Ichidan verb, Transitive verb",to collect; to assemble; to gather
23,謝る,あやまる,ayamaru,"Verb, Godan verb",to apologize
24,倍,ばい,bai,Noun,double
25,番組,ばんぐみ,bangumi,Noun,program (e.g. TV)
26,場所,ばしょ,basho,Noun,place
27,ベル,ベル,beru,"Noun, Katakana",bell
28,美術館,びじゅつかん,bijutsukan,Noun,art gallery; art museum
29,びっくり,びっくり,bikkuri,"Adverb, Suru verb",to be surprised
30,ビル,ビル,biru,"Noun, Katakana",building
31,僕,ぼく,boku,Pronoun,I (used by males)
32,貿易,ぼうえき,boueki,"Noun, Suru verb",trade
33,部長,ぶちょう,buchou,Noun,"manager; head (chief, director) of a section or department"
34,ぶどう,ぶどう,budou,Noun,grapes
35,文学,ぶんがく,bungaku,Noun,literature
36,文化,ぶんか,bunka,Noun,culture
37,文法,ぶんぽう,bunpou,Noun,grammar
38,ちゃん,ちゃん,chan,Suffix,suffix for familiar female person
39,チェック,チェック,chekku,"Noun, Suru verb, Katakana",to check
40,血,ち,chi,Noun,blood
41,力,ちから,chikara,Noun,energy; force; strength; might; power
42,地理,ちり,chiri,Noun,geography
43,中学校,ちゅうがっこう,chuugakkou,Noun,junior high school; middle school
44,注意,ちゅうい,chuui,"Noun, Suru verb",caution
45,注射,ちゅうしゃ,chuusha,"Noun, Suru verb",injection
46,駐車場,ちゅうしゃじょう,chuushajou,Noun,parking lot
47,大分,だいぶ,daibu,Adverb,considerably; greatly; a lot​
48,大学生,だいがくせい,daigakusei,Noun,university student; college student
49,大事,だいじ,daiji,"Adjective, な-adjective",important; serious; crucial
50,大体,だいたい,daitai,Noun,roughly
51,暖房,だんぼう,danbou,"Noun, Suru verb",heating
52,男性,だんせい,dansei,Noun,man; male
53,できるだけ,できるだけ,dekiru dake,"Adverb, Expression",as much as possible
54,電報,でんぽう,denpou,Noun,telegram
55,電灯,でんとう,dentou,Noun,electric light
56,どんどん,どんどん,dondon,Adverb,rapidly; more and more
57,泥棒,どろぼう,dorobou,Noun,thief
58,動物園,どうぶつえん,doubutsuen,Noun,zoo; zoological gardens
59,道具,どうぐ,dougu,Noun,tool
60,枝,えだ,eda,Noun,branch
61,遠慮,えんりょ,enryo,"Noun, Suru verb",reserve; refraining
62,選ぶ,えらぶ,erabu,"Verb, Godan verb, Transitive verb",to choose
63,エスカレーター,エスカレーター,esukareetaa,"Noun, Katakana",escalator
64,ファックス,ファックス,fakkusu,"Noun, Suru verb, Katakana",fax
65,不便,ふべん,fuben,"Noun, Adjective, な-adjective",inconvenience
66,増える,ふえる,fueru,"Verb, Ichidan verb, Intransitive verb",to increase
67,深い,ふかい,fukai,"Adjective, い-adjective",deep
68,復習,ふくしゅう,fukushuu,"Noun, Verb, Suru verb",review (of learned material); revision
69,複雑,ふくざつ,fukuzatsu,"Noun, Adjective, な-adjective",complexity; complication
70,踏む,ふむ,fumu,"Verb, Godan verb, Transitive verb",to step on
71,船,ふね,fune,Noun,ship
72,降り出す,ふりだす,furidasu,"Verb, Godan verb, Intransitive verb",to start to rain
73,布団,ふとん,futon,Noun,"Japanese bedding, futon"
74,太る,ふとる,futoru,"Verb, Godan verb, Intransitive verb",to become fat
75,普通,ふつう,futsuu,"Noun, Adverb",usually
76,ガラス,ガラス,garasu,"Noun, Katakana",a glass
77,ガソリン,ガソリン,gasorin,"Noun, Katakana",gasoline; petrol
78,ガソリンスタンド,ガソリンスタンド,gasorin sutando,"Noun, Katakana",petrol station
79,ガス,ガス,gasu,"Noun, Katakana",petrol
80,原因,げんいん,genin,"Noun, Suru verb",cause
81,下宿,げしゅく,geshuku,"Noun, Suru verb",lodging
82,技術,ぎじゅつ,gijutsu,Noun,"art,technology,skill"
83,ごちそう,ごちそう,gochisou,"Noun, Suru verb",a feast
84,ごみ,ごみ,gomi,Noun,rubbish
85,ご覧になる,ごらんになる,goran ni naru,"Verb, Godan verb, Expression",(respectful) to see
86,ご主人,ごしゅじん,goshujin,Noun,your husband; her husband
87,ご存じ,ごぞんじ,gozonji,Noun,knowing
88,具合,ぐあい,guai,Noun,condition; health
89,葉,は,ha,Noun,leaves; leaf
90,拝見,はいけん,haiken,"Noun, Suru verb",seeing; looking at​
91,歯医者,はいしゃ,haisha,Noun,dentist
92,はっきり,はっきり,hakkiri,Adverb,clearly
93,運ぶ,はこぶ,hakobu,"Verb, Godan verb, Transitive verb",to carry
94,花見,はなみ,hanami,"Noun, Verb, Suru verb",cherry blossom viewing; flower viewing
95,ハンドバッグ,ハンドバッグ,handobaggu,"Noun, Katakana",handbag
96,反対,はんたい,hantai,"Noun, Adjective, な-adjective, Suru verb",opposition
97,払う,はらう,harau,"Verb, Godan verb, Transitive verb",to pay
98,発音,はつおん,hatsuon,"Noun, Suru verb",pronunciation
99,林,はやし,hayashi,Noun,woods; forest
100,恥ずかしい,はずかしい,hazukashii,#,ごい	Vocabulary	Type	Meaning
101,変,へん,hen,"Noun, Adjective, な-adjective",strange; peculiar; weird
102,返事,へんじ,henji,"Noun, Suru verb",reply; answer; response
103,火,ひ,hi,Noun,fire
104,酷い,ひどい,hidoi,"Adjective, い-adjective",terrible; awful​
105,冷える,ひえる,hieru,"Verb, Ichidan verb, Intransitive verb",to grow cold
106,髭,ひげ,hige,Noun,beard
107,非常に,ひじょうに,hijou ni,Adverb,extremely
108,光,ひかり,hikari,Noun,light
109,光る,ひかる,hikaru,"Verb, Godan verb, Intransitive verb",to shine
110,引き出し,ひきだし,hikidashi,Noun,drawer
111,引き出す,ひきだす,hikidasu,"Verb, Godan verb, Transitive verb",to withdraw
112,引っ越す,ひっこす,hikkosu,"Verb, Godan verb, Intransitive verb",to move house
113,飛行場,ひこうじょう,hikoujou,Noun,airfield; airport
114,開く,ひらく,hiraku,"Verb, Godan verb, Intransitive verb, Transitive verb",to open; to undo; to unseal; to unpack
115,拾う,ひろう,hirou,"Verb, Godan verb, Transitive verb",to pick up
116,昼間,ひるま,hiruma,Noun,daytime; during the day
117,昼休み,ひるやすみ,hiruyasumi,Noun,lunch break; noon recess; noon rest period
118,久しぶり,ひさしぶり,hisashiburi,"Noun, Adjective, な-adjective",after a long time
119,褒める,ほめる,homeru,"Verb, Ichidan verb, Transitive verb",to praise
120,翻訳,ほんやく,honyaku,"Noun, Suru verb",translation
121,星,ほし,hoshi,Noun,star
122,ほとんど,ほとんど,hotondo,Adverbial Noun,mostly
123,法律,ほうりつ,houritsu,Noun,law
124,放送,ほうそう,housou,"Noun, Suru verb",to broadcast
125,一度,いちど,ichido,Noun,once; one time; on one occasion
126,以外,いがい,igai,Noun,with the exception of; excepting
127,医学,いがく,igaku,Noun,medical science; medicine
128,いじめる,いじめる,ijimeru,"Verb, Ichidan verb, Transitive verb",to tease
129,以上,いじょう,ijou,"Noun, Adverbial Noun",... and more; ... and upwards​
130,以下,いか,ika,Noun,not exceeding
131,意見,いけん,iken,"Noun, Verb, Suru verb",opinion; view; comment
132,生き物,いきもの,ikimono,Noun,living thing
133,生きる,いきる,ikiru,"Verb, Ichidan verb, Intransitive verb",to live
134,以内,いない,inai,"Noun, Suffix",within
135,田舎,いなか,inaka,Noun,countryside
136,祈る,いのる,inoru,"Verb, Godan verb, Transitive verb",to pray
137,いっぱい,いっぱい,ippai,"Noun, Adjective, な-adjective, Adverb",full
138,色んな,いろんな,ironna,Pre-noun adjectival,various
139,石,いし,ishi,Noun,stone
140,急ぐ,いそぐ,isogu,"Verb, Godan verb, Intransitive verb",to hurry; to rush; to hasten; to make something happen sooner
141,一生懸命,いっしょうけんめい,isshoukenmei,"Noun, Adverbial Noun, Adjective, な-adjective",very hard; with utmost effort
142,頂く,いただく,itadaku,"Verb, Godan verb, Transitive verb",(humble) to receive
143,致す,いたす,itasu,"Verb, Godan verb, Transitive verb",(humble) to do
144,糸,いと,ito,Noun,thread
145,ジャム,ジャム,jamu,"Noun, Katakana",jam
146,字,じ,ji,Noun,character
147,時代,じだい,jidai,Noun,period
148,事故,じこ,jiko,Noun,accident
149,事務所,じむしょ,jimusho,Noun,office
150,神社,じんじゃ,jinja,Noun,Shinto shrine
151,人口,じんこう,jinkou,Noun,population
152,人生,じんせい,jinsei,Noun,human life
153,地震,じしん,jishin,Noun,earthquake
154,辞典,じてん,jiten,Noun,dictionary
155,自由,じゆう,jiyuu,"Noun, Adjective, な-adjective, Expression",freedom
156,女性,じょせい,josei,Noun,woman; female
157,準備,じゅんび,junbi,"Noun, Suru verb",to prepare
158,十分,じゅうぶん,juubun,"Noun, Adjective, な-adjective, Adverb",enough; sufficient; plenty; adequate; satisfactory
159,柔道,じゅうどう,juudou,Noun,judo
160,住所,じゅうしょ,juusho,Noun,address
161,カーテン,カーテン,kaaten,"Noun, Katakana",curtain
162,壁,かべ,kabe,Noun,wall
163,課長,かちょう,kachou,Noun,section manager; section chief
164,帰り,かえり,kaeri,Noun,return; coming back
165,変える,かえる,kaeru,"Verb, Ichidan verb, Transitive verb",to change; to transform
166,科学,かがく,kagaku,Noun,science
167,鏡,かがみ,kagami,Noun,mirror
168,海岸,かいがん,kaigan,Noun,coast
169,会議,かいぎ,kaigi,"Noun, Verb, Suru verb",meeting; conference; session; assembly
170,会議室,かいぎしつ,kaigishitsu,Noun,conference room; conference hall; council room
171,会場,かいじょう,kaijou,Noun,assembly hall; meeting place; venue; grounds
172,会話,かいわ,kaiwa,"Noun, Verb, Suru verb",conversation
173,火事,かじ,kaji,Noun,fire
174,格好,かっこう,kakkou,Noun,appearance
175,構う,かまう,kamau,"Verb, Godan verb",to mind
176,髪,かみ,kami,Noun,hair
177,噛む,かむ,kamu,"Verb, Godan verb, Transitive verb","to bite,to chew"
178,家内,かない,kanai,Noun,(my) wife; inside the home; one's family
179,必ず,かならず,kanarazu,Adverb,always; certainly
180,悲しい,かなしい,kanashii,"Adjective, い-adjective",sad
181,考える,かんがえる,kangaeru,"Verb, Ichidan verb, Transitive verb",to think
182,看護婦,かんごふ,kangofu,Noun,female nurse
183,関係,かんけい,kankei,"Noun, Suru verb",relationship
184,彼女,かのじょ,kanojo,Pronoun,she; her​
185,簡単,かんたん,kantan,"Noun, Adjective, な-adjective",simple; easy
186,彼,かれ,kare,Pronoun,he; him​; his
187,彼ら,かれら,karera,Pronoun,they; them
188,形,かたち,katachi,Noun,shape
189,片付ける,かたづける,katadzukeru,"Verb, Ichidan verb, Transitive verb",to tidy up
190,硬い,かたい,katai,"Adjective, い-adjective",hard
191,勝つ,かつ,katsu,"Verb, Godan verb, Intransitive verb",to win
192,乾く,かわく,kawaku,"Verb, Godan verb, Intransitive verb",to get dry
193,代わり,かわり,kawari,Noun,instead; in place
194,変わる,かわる,kawaru,"Verb, Godan verb, Intransitive verb",to change
195,通う,かよう,kayou,"Verb, Godan verb, Intransitive verb",to commute
196,飾る,かざる,kazaru,"Verb, Godan verb, Transitive verb",to decorate
197,毛,け,ke,Noun,hair or fur
198,ケーキ,ケーキ,keeki,"Noun, Katakana",cake
199,怪我,けが,kega,"Noun, Suru verb",to injure
200,計画,けいかく,keikaku,#,ごい	Vocabulary	Type	Meaning
201,経験,けいけん,keiken,"Noun, Suru verb",to experience
202,警察,けいさつ,keisatsu,Noun,police
203,経済,けいざい,keizai,Noun,"finance, economy"
204,見物,けんぶつ,kenbutsu,"Noun, Suru verb",sightseeing; visit
205,喧嘩,けんか,kenka,"Noun, Suru verb",to quarrel
206,研究,けんきゅう,kenkyuu,"Noun, Suru verb",research
207,研究室,けんきゅうしつ,kenkyuushitsu,Noun,laboratory
208,消しゴム,消しゴム,keshigomu,Noun,eraser
209,景色,けしき,keshiki,Noun,scenery
210,気,き,ki,Noun,spirit
211,厳しい,きびしい,kibishii,"Adjective, い-adjective",strict
212,気分,きぶん,kibun,Noun,feeling; mood
213,機会,きかい,kikai,Noun,chance; opportunity
214,危険,きけん,kiken,"Noun, Adjective, な-adjective",danger
215,聞こえる,きこえる,kikoeru,"Verb, Ichidan verb, Intransitive verb",to be heard; to be audible; to be said
216,決まる,きまる,kimaru,"Verb, Godan verb, Intransitive verb",to be decided
217,決める,きめる,kimeru,"Verb, Ichidan verb, Transitive verb",to decide
218,君,きみ,kimi,Pronoun,You
219,気持ち,きもち,kimochi,Noun,feeling
220,着物,きもの,kimono,Noun,kimono; Japanese traditional clothing
221,近所,きんじょ,kinjo,Noun,neighbourhood
222,絹,きぬ,kinu,Noun,silk
223,季節,きせつ,kisetsu,Noun,season
224,汽車,きしゃ,kisha,Noun,train
225,規則,きそく,kisoku,Noun,rule
226,子,こ,ko,Noun,child
227,心,こころ,kokoro,Noun,heart
228,国際,こくさい,kokusai,Noun,international
229,細かい,こまかい,komakai,"Adjective, い-adjective","small, fine"
230,米,こめ,kome,Noun,(husked grains of) rice
231,込む,こむ,komu,"Verb, Godan verb, Intransitive verb",to be crowded
232,今度,こんど,kondo,Noun,this time; next time
233,この間,このあいだ,kono aida,Adverbial Noun,the other day; recently
234,このごろ,このごろ,kono goro,Adverbial Noun,these days; nowadays
235,コンピュータ,コンピュータ,konpyuuta,"Noun, Katakana",computer
236,コンサート,コンサート,konsaato,"Noun, Katakana",concert
237,今夜,こんや,konya,Noun,this evening; tonigh
238,これから,これから,korekara,Conjunction,after this
239,故障,こしょう,koshou,"Noun, Suru verb",to break-down
240,答え,こたえ,kotae,Noun,response
241,小鳥,ことり,kotori,Noun,small bird
242,こう,こう,kou,Adverb,this way
243,校長,こうちょう,kouchou,Noun,principal; headmaster
244,講堂,こうどう,koudou,Noun,auditorium
245,郊外,こうがい,kougai,Noun,suburb; residential area on the outskirt of a city
246,講義,こうぎ,kougi,"Noun, Suru verb",lecture
247,工業,こうぎょう,kougyou,Noun,industry
248,工場,こうじょう,koujou,Noun,factory
249,高校,こうこう,koukou,Noun,senior high school; high school​
250,高校生,こうこうせい,koukousei,Noun,high school student
251,公務員,こうむいん,koumuin,Noun,government worker
252,高等学校,こうとうがっこう,koutougakkou,Noun,high school
253,交通,こうつう,koutsuu,Noun,traffic
254,怖い,こわい,kowai,"Adjective, い-adjective",frightening
255,壊れる,こわれる,kowareru,"Verb, Ichidan verb, Intransitive verb",to be broken
256,壊す,こわす,kowasu,"Verb, Godan verb, Transitive verb",to break
257,首,くび,kubi,Noun,neck
258,下さる,くださる,kudasaru,"Verb, Godan verb",(respectful) to give
259,雲,くも,kumo,Noun,cloud
260,君,くん,kun,Suffix,suffix for familiar young male
261,比べる,くらべる,kuraberu,"Verb, Ichidan verb, Transitive verb",to compare
262,暮れる,くれる,kureru,"Verb, Ichidan verb, Intransitive verb",to get dark
263,草,くさ,kusa,Noun,grass
264,空気,くうき,kuuki,Noun,air
265,空港,くうこう,kuukou,Noun,airport
266,客,きゃく,kyaku,Noun,guest; customer
267,教育,きょういく,kyouiku,"Noun, Suru verb",education
268,教会,きょうかい,kyoukai,Noun,church; congregation; Christian church
269,興味,きょうみ,kyoumi,Noun,interest (in something); curiosity (about something); zest (for)
270,競争,きょうそう,kyousou,"Noun, Suru verb",competition
271,急,きゅう,kyuu,"Adjective, な-adjective",sudden; abrupt; unexpected
272,急行,きゅうこう,kyuukou,"Noun, Verb, Suru verb",hurrying (to somewhere); rushing; hastening
273,間違える,まちがえる,machigaeru,"Verb, Ichidan verb, Transitive verb",to make a mistake (in)
274,参る,まいる,mairu,"Verb, Godan verb, Intransitive verb",(humble) to go; to come
275,負ける,まける,makeru,"Verb, Ichidan verb, Intransitive verb",to lose
276,漫画,まんが,manga,Noun,comic
277,間に合う,まにあう,maniau,"Verb, Godan verb, Intransitive verb",to be in time (for)
278,真ん中,まんなか,mannaka,Noun,middle; centre; center
279,周り,まわり,mawari,Noun,around
280,回る,まわる,mawaru,"Verb, Godan verb, Intransitive verb",to go around
281,まず,まず,mazu,Adverb,first of all
282,召し上がる,めしあがる,meshiagaru,"Verb, Godan verb, Transitive verb",to eat; to drink​
283,珍しい,めずらしい,mezurashii,"Adjective, い-adjective",unusual; rare
284,見える,みえる,mieru,"Verb, Ichidan verb, Intransitive verb",to be seen; to be in sight; to look; to seem
285,港,みなと,minato,Noun,harbour
286,味噌,みそ,miso,Noun,fermented condiment made from soybeans
287,見つかる,みつかる,mitsukaru,"Verb, Godan verb, Intransitive verb",to be found; to be discovered
288,見つける,みつける,mitsukeru,"Verb, Ichidan verb, Transitive verb",to discover; to find; to come across; to detect; to spot
289,都,みやこ,miyako,Noun,capital
290,湖,みずうみ,mizuumi,Noun,lake
291,戻る,もどる,modoru,"Verb, Godan verb, Intransitive verb",to turn back
292,木綿,もめん,momen,Noun,cotton (material)
293,森,もり,mori,Noun,forest
294,もし,もし,moshi,Adverb,if; in case; supposing
295,申し上げる,もうしあげる,moushiageru,"Verb, Ichidan verb, Transitive verb",to say; to offer
296,申す,もうす,mousu,"Verb, Godan verb, Transitive verb",to be called; to say
297,もうすぐ,もうすぐ,mousugu,"Adverb, Expression",soon
298,迎える,むかえる,mukaeru,"Verb, Ichidan verb, Transitive verb",to go out to meet
299,昔,むかし,mukashi,"Noun, Adverbial noun","olden days, former"
300,向かう,むかう,mukau,#,ごい	Vocabulary	Type	Meaning
301,無理,むり,muri,"Noun, Adjective, な-adjective, Suru verb",impossible
302,虫,むし,mushi,Noun,insect
303,息子,むすこ,musuko,Noun,son
304,娘,むすめ,musume,Noun,daughter
305,投げる,なげる,nageru,"Verb, Ichidan verb, Transitive verb",to throw or cast away
306,泣く,なく,naku,"Verb, Godan verb",to weep
307,無くなる,なくなる,naku naru,"Verb, Godan verb, Intransitive verb",to disappear; to get lost
308,亡くなる,なくなる,nakunaru,"Verb, Godan verb, Intransitive verb",to die
309,生,なま,nama,"Noun, Prefix",raw
310,直る,なおる,naoru,"Verb, Godan verb, Intransitive verb","to be fixed,to be repaired"
311,治る,なおる,naoru,"Verb, Godan verb, Intransitive verb",to be cured; to heal
312,慣れる,なれる,nareru,"Verb, Ichidan verb, Intransitive verb",to get used to
313,鳴る,なる,naru,"Verb, Godan verb, Intransitive verb",to sound
314,なるほど,なるほど,naruhodo,"Adverb, Expression",now I understand
315,寝坊,ねぼう,nebou,"Noun, Verb, Suru verb",sleeping in late; oversleeping
316,値段,ねだん,nedan,Noun,price; cost
317,眠い,ねむい,nemui,"Adjective, い-adjective",sleepy
318,眠る,ねむる,nemuru,"Verb, Godan verb, Intransitive verb",to sleep
319,熱,ねつ,netsu,Noun,fever
320,苦い,にがい,nigai,"Adjective, い-adjective",bitter
321,逃げる,にげる,nigeru,"Verb, Ichidan verb, Intransitive verb",to escape
322,二階建て,にかいだて,nikaidate,Noun,two-storied building
323,人形,にんぎょう,ningyou,Noun,doll
324,匂い,におい,nioi,Noun,a smell
325,似る,にる,niru,"Verb, Ichidan verb, Intransitive verb",to be similar
326,喉,のど,nodo,Noun,throat
327,残る,のこる,nokoru,"Verb, Godan verb, Intransitive verb",to remain
328,乗り換える,のりかえる,norikaeru,"Verb, Ichidan verb, Transitive verb",to change between buses or trains
329,乗り物,のりもの,norimono,Noun,vehicle
330,濡れる,ぬれる,nureru,"Verb, Ichidan verb, Intransitive verb",to get wet
331,塗る,ぬる,nuru,"Verb, Godan verb, Transitive verb",to paint; to plaster
332,盗む,ぬすむ,nusumu,"Verb, Godan verb, Transitive verb",to steal
333,入学,にゅうがく,nyuugaku,"Noun, Verb, Suru verb",entry to school or university; enrollment
334,入院,にゅういん,nyuuin,"Noun, Verb, Suru verb",hospitalization
335,落ちる,おちる,ochiru,"Verb, Ichidan verb, Intransitive verb",to fall or drop
336,踊り,おどり,odori,Noun,a dance
337,驚く,おどろく,odoroku,"Verb, Godan verb, Intransitive verb",to be surprised
338,踊る,おどる,odoru,"Verb, Godan verb, Intransitive verb",to dance
339,お出でになる,おいでになる,oide ni naru,"Verb, Godan verb, Expression",(respectful) to be
340,お祝い,おいわい,oiwai,"Noun, Suru verb",congratulation
341,お嬢さん,おじょうさん,ojousan,Noun,(another's) daughter
342,可笑しい,おかしい,okashii,"Adjective, い-adjective",strange or funny
343,行う,おこなう,okonau,"Verb, Godan verb, Transitive verb",to perform; to do; to carry out
344,怒る,おこる,okoru,"Verb, Godan verb, Intransitive verb",to be angry
345,起こす,おこす,okosu,"Verb, Godan verb, Transitive verb",to wake
346,億,おく,oku,Numeric,one hundred million
347,屋上,おくじょう,okujou,Noun,rooftop​
348,遅れる,おくれる,okureru,"Verb, Ichidan verb, Intransitive verb",to be late
349,贈り物,おくりもの,okurimono,Noun,present; gift
350,送る,おくる,okuru,"Verb, Godan verb, Transitive verb",to send
351,お祭り,おまつり,omatsuri,Noun,festival
352,お見舞い,おみまい,omimai,Noun,visiting ill or distressed people
353,お土産,おみやげ,omiyage,Noun,souvenir
354,おもちゃ,おもちゃ,omocha,Noun,toy
355,思い出す,おもいだす,omoidasu,"Verb, Godan verb, Transitive verb",to remember
356,表,おもて,omote,Noun,the front
357,オートバイ,オートバイ,ootobai,"Noun, Katakana",motorcycle
358,お礼,おれい,orei,Noun,thanks
359,折れる,おれる,oreru,"Verb, Ichidan verb, Intransitive verb",to break; to be broken
360,下りる,おりる,oriru,"Verb, Ichidan verb, Intransitive verb",to get off
361,折る,おる,oru,"Verb, Godan verb, Transitive verb",to break or to fold
362,押し入れ,おしいれ,oshiire,Noun,closet
363,仰る,おっしゃる,ossharu,"Verb, Godan verb, Transitive verb",(respectful) to say
364,お宅,おたく,otaku,Noun,your home
365,音,おと,oto,Noun,sound; note
366,落とす,おとす,otosu,"Verb, Godan verb, Transitive verb",to drop
367,お釣り,おつり,otsuri,Noun,change (for a purchase)​
368,夫,おっと,otto,Noun,husband
369,終わり,おわり,owari,Noun,the end
370,親,おや,oya,Noun,parents
371,泳ぎ方,およぎかた,oyogikata,Noun,way of swimming
372,パート,パート,paato,"Noun, Katakana",part; part time
373,パソコン,パソコン,pasokon,"Noun, Katakana",personal computer
374,ピアノ,ピアノ,piano,"Noun, Katakana",piano
375,プレゼント,プレゼント,purezento,"Noun, Katakana",present; gift
376,冷房,れいぼう,reibou,"Noun, Suru verb",air conditioning
377,レジ,レジ,reji,"Noun, Katakana",cashier​
378,歴史,れきし,rekishi,Noun,history
379,連絡,れんらく,renraku,Suru verb,to contact; to get in touch​
380,レポート,レポート,repooto,"Noun, Katakana",report
381,利用,りよう,riyou,"Noun, Verb, Suru verb",use; utilization; application
382,理由,りゆう,riyuu,Noun,reason
383,留守,るす,rusu,"Noun, Suru verb",absence
384,旅館,りょかん,ryokan,Noun,traditional inn; Japanese-style lodging
385,両方,りょうほう,ryouhou,Noun,both sides
386,寂しい,さびしい,sabishii,"Adjective, い-adjective",lonely
387,下がる,さがる,sagaru,"Verb, Godan verb, Intransitive verb",to get down
388,探す,さがす,sagasu,"Verb, Godan verb, Transitive verb",to look for
389,下げる,さげる,sageru,"Verb, Ichidan verb, Transitive verb",to lower
390,最後,さいご,saigo,Noun,end; last
391,最近,さいきん,saikin,"Noun, Adverbial Noun",recently
392,最初,さいしょ,saisho,"Noun, Adverbial Noun",beginning; first
393,坂,さか,saka,Noun,slope; hill
394,盛ん,さかん,sakan,"Adjective, な-adjective",popularity; prosperous
395,昨夜,さくや,sakuya,"Noun, Adverbial Noun",last night
396,サンダル,サンダル,sandaru,"Noun, Katakana",sandal
397,サンドイッチ,サンドイッチ,sandoicchi,"Noun, Katakana",sandwich
398,産業,さんぎょう,sangyou,Noun,industry
399,サラダ,サラダ,sarada,"Noun, Katakana",salad
400,再来月,さらいげつ,saraigetsu,#,ごい	Vocabulary	Type	Meaning
401,再来週,さらいしゅう,saraishuu,"Noun, Adverbial Noun",week after next
402,差し上げる,さしあげる,sashiageru,"Verb, Ichidan verb, Transitive verb",to give
403,騒ぐ,さわぐ,sawagu,"Verb, Godan verb, Intransitive verb","to make noise,to be excited"
404,触る,さわる,sawaru,"Verb, Godan verb, Intransitive verb",to touch
405,生物,せいぶつ,seibutsu,Noun,living thing
406,政治,せいじ,seiji,Noun,politics
407,生活,せいかつ,seikatsu,"Noun, Suru verb",to live
408,生命,せいめい,seimei,Noun,life
409,生産,せいさん,seisan,"Noun, Suru verb",production
410,西洋,せいよう,seiyou,Noun,the west; Western countries
411,世界,せかい,sekai,Noun,the world
412,席,せき,seki,Noun,seat
413,線,せん,sen,Noun,line
414,背中,せなか,senaka,Noun,back (of body)
415,先輩,せんぱい,senpai,Noun,senior
416,戦争,せんそう,sensou,"Noun, Suru verb",war
417,説明,せつめい,setsumei,"Noun, Verb, Suru verb",explanation
418,社長,しゃちょう,shachou,Noun,company president; manager; director
419,社会,しゃかい,shakai,Noun,society; public; community; the world
420,市,し,shi,Noun,city
421,試合,しあい,shiai,"Noun, Suru verb","match,game"
422,叱る,しかる,shikaru,"Verb, Godan verb, Transitive verb",to scold
423,仕方,しかた,shikata,Noun,way; method
424,試験,しけん,shiken,"Noun, Suru verb",examination
425,しっかり,しっかり,shikkari,"Adverb, Suru verb",firmly; steadily
426,島,しま,shima,Noun,island
427,市民,市民,shimin,Noun,citizen
428,品物,しなもの,shinamono,Noun,goods; article; thing
429,新聞社,しんぶんしゃ,shinbunsha,Noun,newspaper company
430,親切,しんせつ,shinsetsu,"Noun, Adjective, な-adjective",kindness
431,失敗,しっぱい,shippai,"Noun, Suru verb",failure
432,調べる,しらべる,shiraberu,"Verb, Ichidan verb, Transitive verb",to investigate
433,知らせる,しらせる,shiraseru,"Verb, Ichidan verb, Transitive verb",to notify
434,下着,したぎ,shitagi,Noun,underwear
435,食料品,しょくりょうひん,shokuryouhin,Noun,food; groceries
436,小学校,しょうがっこう,shougakkou,Noun,elementary school
437,生じる,しょうじる,shoujiru,"Verb, Ichidan verb, Transitive verb",to produce
438,紹介,しょうかい,shoukai,"Noun, Suru verb",introduction
439,将来,しょうらい,shourai,"Noun, Adverbial Noun",future
440,小説,しょうせつ,shousetsu,Noun,novel
441,趣味,しゅみ,shumi,Noun,hobby; pastime; preference
442,習慣,しゅうかん,shuukan,Noun,habit; custom; cultural practice.
443,祖母,そぼ,sobo,Noun,grandmother
444,育てる,そだてる,sodateru,"Verb, Ichidan verb, Transitive verb","to rear,to bring up"
445,祖父,そふ,sofu,Noun,grandfather
446,ソフト,ソフト,sofuto,"Noun, Katakana",soft
447,そんな,そんな,sonna,Pre-noun adjectival,that sort of
448,それで,それで,sore de,Conjunction,because of that
449,それほど,それほど,sore hodo,Adverb,to that extent
450,そろそろ,そろそろ,sorosoro,Adverb,gradually; soon
451,卒業,そつぎょう,sotsugyou,"Noun, Suru verb",graduation
452,相談,そうだん,soudan,"Noun, Suru verb",to discuss
453,素晴らしい,すばらしい,subarashii,"Adjective, い-adjective",wonderful
454,滑る,すべる,suberu,"Verb, Godan verb, Intransitive verb",to slide; to slip
455,凄い,すごい,sugoi,"Adjective, い-adjective",terrific
456,水道,すいどう,suidou,Noun,water supply
457,水泳,すいえい,suiei,"Noun, Suru verb",swimming
458,すっかり,すっかり,sukkari,Adverb,completely
459,空く,すく,suku,"Verb, Godan verb, Intransitive verb",to be hungry
460,スクリーン,スクリーン,sukuriin,"Noun, Katakana",screen
461,隅,すみ,sumi,Noun,corner; nook
462,済む,すむ,sumu,"Verb, Godan verb, Intransitive verb",to finish
463,砂,すな,suna,Noun,sand
464,すり,すり,suri,Noun,pickpocket
465,スーツケース,スーツケース,sustsukeesu,"Noun, Katakana",suitcase
466,進む,すすむ,susumu,"Verb, Godan verb, Intransitive verb",to make progress
467,ステーキ,ステーキ,suteeki,"Noun, Katakana",steak
468,ステレオ,ステレオ,sutereo,"Noun, Katakana",stereo
469,捨てる,すてる,suteru,"Verb, Ichidan verb, Transitive verb",to throw away
470,数学,すうがく,suugaku,Noun,mathematics; arithmetic
471,スーツ,スーツ,suutsu,"Noun, Katakana",suit
472,正しい,ただしい,tadashii,"Adjective, い-adjective",right; correct
473,退院,たいいん,tai'in,"Noun, Verb, Suru verb",leaving hospital; discharge from hospital
474,台風,たいふう,taifuu,Noun,typhoon
475,タイプ,タイプ,taipu,Noun,"type,style"
476,たいてい,たいてい,taitei,"Noun, Adjective, な-adjective, Adverb",usually
477,たまに,たまに,tamani,Adverb,occasionally
478,棚,たな,tana,Noun,shelves
479,誕生,たんじょう,tanjou,"Noun, Suru verb",birth
480,楽しみ,たのしみ,tanoshimi,"Noun, Adjective, な-adjective",looking forward to​
481,倒れる,たおれる,taoreru,"Verb, Ichidan verb, Intransitive verb","to fall (over, down)"
482,足りる,たりる,tariru,"Verb, Ichidan verb, Intransitive verb",to be sufficient; to be enough
483,足す,たす,tasu,"Verb, Godan verb, Transitive verb",to add (numbers / something)
484,畳,たたみ,tatami,Noun,Japanese straw mat
485,建てる,たてる,tateru,"Verb, Ichidan verb, Transitive verb",to build
486,尋ねる,たずねる,tazuneru,"Verb, Ichidan verb, Transitive verb",to ask
487,訪ねる,たずねる,tazuneru,"Verb, Ichidan verb, Transitive verb",to visit
488,手袋,てぶくろ,tebukuro,Noun,glove
489,丁寧,ていねい,teinei,"Noun, Adjective, な-adjective",polite
490,テキスト,テキスト,tekisuto,"Noun, Katakana",text; textbook
491,適当,てきとう,tekitou,"Noun, Adjective, な-adjective",suitable
492,点,てん,ten,Noun,point; dot
493,店員,てんいん,ten'in,Noun,employee (of a store); shop assistant; clerk
494,テニス,テニス,tenisu,"Noun, Katakana",tennis
495,天気予報,てんきよほう,tenkiyohou,Noun,weather forecast
496,展覧会,てんらんかい,tenrankai,Noun,exhibition
497,寺,てら,tera,Noun,temple
498,手伝う,てつだう,tetsudau,"Verb, Godan verb, Transitive verb",to help; to assist; to aid​
499,途中,とちゅう,tochuu,"Noun, Adverbial Noun",on the way
500,届ける,とどける,todokeru,#,ごい	Vocabulary	Type	Meaning
501,特急,とっきゅう,tokkyuu,Noun,"limited express (train, faster than an express)"
502,床屋,とこや,tokoya,Noun,barber
503,特別,とくべつ,tokubetsu,"Noun, Adjective, な-adjective",special; particular; extraordinary; exceptional
504,特に,とくに,tokuni,Adverb,particularly; especially; in particular; expressly
505,泊まる,とまる,tomaru,"Verb, Godan verb, Intransitive verb",to stay at
506,止める,とめる,tomeru,"Verb, Ichidan verb, Transitive verb",to stop something
507,遠く,とおく,tooku,"Noun, Adverbial Noun",distant
508,通る,とおる,tooru,"Verb, Godan verb, Intransitive verb",to go through
509,取り替える,とりかえる,torikaeru,"Verb, Ichidan verb, Transitive verb",to exchange; to swap; to replace
510,到頭,とうとう,toutou,Adverb,"finally, after all"
511,続ける,つづける,tsudzukeru,"Verb, Ichidan verb, Transitive verb",to continue; to keep up; to keep on
512,続く,つづく,tsudzuku,"Verb, Godan verb, Intransitive verb",to continue
513,都合,つごう,tsugou,"Noun, Adverb",convenience
514,捕まえる,つかまえる,tsukamaeru,"Verb, Ichidan verb, Transitive verb",to catch
515,漬ける,つける,tsukeru,"Verb, Ichidan verb, Transitive verb",to soak; to pickle
516,月,つき,tsuki,Noun,moon
517,付く,つく,tsuku,"Verb, Godan verb, Intransitive verb",to be attached
518,妻,つま,tsuma,Noun,(humble) wife
519,連れる,つれる,tsureru,"Verb, Ichidan verb, Transitive verb",to take (someone) with one
520,釣る,つる,tsuru,"Verb, Godan verb, Transitive verb",to fish
521,伝える,つたえる,tsutaeru,"Verb, Ichidan verb, Transitive verb",to report; to tell
522,包む,つつむ,tsutsumu,"Verb, Godan verb, Transitive verb",to wrap
523,腕,うで,ude,Noun,arm
524,植える,うえる,ueru,"Verb, Ichidan verb, Transitive verb",to plant; to grow
525,動く,うごく,ugoku,"Verb, Godan verb, Intransitive verb",to move
526,伺う,うかがう,ukagau,"Verb, Godan verb, Transitive verb",to visit
527,受ける,うける,ukeru,"Verb, Ichidan verb, Transitive verb",to take a lesson or test
528,受付,うけつけ,uketsuke,Noun,reception (desk); information desk​
529,生まれ,うまれ,umare,Noun,birth
530,運転手,うんてんしゅ,untenshu,Noun,driver; chauffeur
531,裏,うら,ura,Noun,reverse side
532,嬉しい,うれしい,ureshii,"Adjective, い-adjective",happy
533,売り場,うりば,uriba,Noun,selling area
534,嘘,うそ,uso,Noun,a lie
535,打つ,うつ,utsu,"Verb, Godan verb, Transitive verb",to hit
536,美しい,うつくしい,utsukushii,"Adjective, い-adjective",beautiful
537,移る,うつる,utsuru,"Verb, Godan verb, Intransitive verb",to move house or transfer
538,写す,うつす,utsusu,"Verb, Godan verb, Transitive verb",to copy or photograph
539,ワープロ,ワープロ,waapuro,"Noun, Katakana",word processor
540,別れる,わかれる,wakareru,"Verb, Ichidan verb, Intransitive verb",to separate
541,沸かす,わかす,wakasu,"Verb, Godan verb, Transitive verb",to boil; to heat
542,沸く,わく,waku,"Verb, Godan verb, Intransitive verb",to boil
543,笑う,わらう,warau,"Verb, Godan verb, Intransitive verb",to laugh; to smile
544,割れる,われる,wareru,"Verb, Ichidan verb, Intransitive verb",to break
545,割合,わりあい,wariai,Noun,rate; ratio
546,忘れ物,わすれもの,wasuremono,Noun,lost article
547,焼ける,やける,yakeru,"Verb, Ichidan verb, Intransitive verb",to burn; to be roasted
548,焼く,やく,yaku,"Verb, Godan verb, Transitive verb",to bake; to grill
549,役に立つ,やくにたつ,yakunitatsu,"Verb, Godan verb, Expression",to be helpful
550,約束,やくそく,yakusoku,"Noun, Suru verb",promise
551,止む,やむ,yamu,"Verb, Godan verb, Intransitive verb",to stop
552,やっぱり,やっぱり,yappari,Adverb,as I thought
553,優しい,やさしい,yasashii,"Adjective, い-adjective",kind
554,痩せる,やせる,yaseru,"Verb, Ichidan verb, Intransitive verb",to become thin
555,柔らかい,やわらかい,yawarakai,"Adjective, い-adjective",soft
556,汚れる,よごれる,yogoreru,"Verb, Ichidan verb, Intransitive verb",to get dirty
557,喜ぶ,よろこぶ,yorokobu,"Verb, Godan verb",to be delighted
558,寄る,よる,yoru,"Verb, Godan verb, Intransitive verb",to visit; to drop by
559,予習,よしゅう,yoshuu,"Noun, Verb, Suru verb",preparation for a lesson
560,予定,よてい,yotei,"Noun, Suru verb",plan
561,用,よう,you,"Noun, Suffix",business; task; errand; use; purpose
562,用意,ようい,youi,"Noun, Verb, Suru verb",preparation; arrangements; provision; getting ready
563,用事,ようじ,youji,Noun,tasks; things to do; errand; business (to take care of)
564,予約,よやく,yoyaku,"Noun, Suru verb",reservation
565,湯,ゆ,yu,Noun,hot water
566,指,ゆび,yubi,Noun,finger
567,指輪,ゆびわ,yubiwa,Noun,finger ring
568,夢,ゆめ,yume,Noun,dream
569,揺れる,ゆれる,yureru,"Verb, Ichidan verb, Intransitive verb",to shake
570,残念,ざんねん,zannen,"Noun, Adjective, な-adjective",regrettable; unfortunate
571,全然,ぜんぜん,zenzen,Adverb,not entirely (used in a negative sentence)
